{
  "MDI": {
    "tau": 0.5112440313472506,
    "p_value": null
  },
  "MDA": {
    "tau": 0.34745830280129175,
    "p_value": null
  },
  "SFI": {
    "tau": 0.46198998422995863,
    "p_value": null
  }
}