{
  "MDI": {
    "tau": 0.5189043545265852,
    "p_value": null
  },
  "MDA": {
    "tau": 0.4569960528802339,
    "p_value": null
  },
  "SFI": {
    "tau": 0.46198998422995863,
    "p_value": null
  }
}